method,mse,max_error
hd,0.0,0.0
fd,0.005499534053420161,0.15237582
cs,0.0,0.0
otis,0.0,0.0
