method,mse,max_error
hd,0.0,0.0
fd,0.5202266189397148,1.4847023
cs,5.824884704224326e-20,7.450581e-09
otis,5.824884704224326e-20,7.450581e-09
