method,mse,max_error
hd,0.0,0.0
fd,3.0700562355276482e-12,3.5762787e-06
cs,0.0,0.0
otis,0.0,0.0
