method,mse,max_error
hd,4.520543714592233e-18,2.9802322e-08
fd,0.179356640314002,0.8709054
cs,0.0,0.0
otis,4.520543714592233e-18,2.9802322e-08
