method,mse,max_error
hd,0.0,0.0
fd,1.527627399625845e-11,8.106232e-06
cs,0.0,0.0
otis,0.0,0.0
