method,mse,max_error
hd,0.0,0.0
fd,9.246070410254017e-13,1.66893e-06
cs,0.0,0.0
otis,0.0,0.0
