method,mse,max_error
hd,0.0,0.0
fd,0.4593985438434104,1.39487
cs,0.0,0.0
otis,0.0,0.0
