method,mse,max_error
hd,0.0,0.0
fd,1.6821560979169039e-18,7.450581e-09
cs,0.0,0.0
otis,0.0,0.0
