method,mse,max_error
hd,3.724903242548412e-17,1.1920929e-07
fd,0.1711278051576332,0.8506496
cs,3.710405930862142e-17,1.1920929e-07
otis,0.0,0.0
