method,mse,max_error
hd,0.0,0.0
fd,0.5175184514353787,1.480813
cs,0.0,0.0
otis,0.0,0.0
