method,mse,max_error
hd,1.0535924314354986e-18,2.9802322e-08
fd,0.5015964735673062,1.4577549
cs,2.1236472446121768e-18,2.9802322e-08
otis,1.0700548131766782e-18,2.9802322e-08
