method,mse,max_error
hd,6.200198392321991e-18,5.9604645e-08
fd,0.4042802759477759,1.3082694
cs,0.0,0.0
otis,6.200198392321991e-18,5.9604645e-08
