method,mse,max_error
hd,0.0,0.0
fd,0.28463851680697505,1.0974071
cs,0.0,0.0
otis,0.0,0.0
