method,mse,max_error
hd,0.0,0.0
fd,0.49946710623784246,1.4546448
cs,2.6656014997002556e-19,1.4901161e-08
otis,4.1650023432816494e-21,1.8626451e-09
