method,mse,max_error
hd,0.0,0.0
fd,1.4790370753747434e-12,2.503395e-06
cs,0.0,0.0
otis,0.0,0.0
