method,mse,max_error
hd,0.0,0.0
fd,0.17108093253084053,0.850491
cs,0.0,0.0
otis,0.0,0.0
