method,mse,max_error
hd,1.2947207284258385e-17,5.9604645e-08
fd,0.10057620813998244,0.65197164
cs,0.0,0.0
otis,0.0,0.0
