method,mse,max_error
hd,0.0,0.0
fd,0.3874602988822372,1.2807387
cs,0.0,0.0
otis,0.0,0.0
