method,mse,max_error
hd,2.2060689365710017e-18,2.9802322e-08
fd,0.22296316277174744,0.97107416
cs,4.409985610764861e-18,2.9802322e-08
otis,4.409985610764861e-18,2.9802322e-08
