method,mse,max_error
hd,0.0,0.0
fd,1.9614698734330026e-10,2.8967857e-05
cs,0.0,0.0
otis,0.0,0.0
