method,mse,max_error
hd,0.0,0.0
fd,0.30563609661672314,1.1372378
cs,0.0,0.0
otis,0.0,0.0
