method,mse,max_error
hd,9.935415097232573e-22,9.313226e-10
fd,0.5063319209043536,1.4646562
cs,1.5896664155572116e-20,3.7252903e-09
otis,0.0,0.0
