method,mse,max_error
hd,1.1220721060652052e-21,9.313226e-10
fd,0.4834181293457934,1.4310021
cs,0.0,0.0
otis,1.1220721060652052e-21,9.313226e-10
