method,mse,max_error
hd,0.0,0.0
fd,0.5226746112892074,1.4882016
cs,0.0,0.0
otis,3.6892146197305305e-18,5.9604645e-08
