method,mse,max_error
hd,0.0,0.0
fd,0.4813415976798685,1.4278483
cs,0.0,0.0
otis,0.0,0.0
