method,mse,max_error
hd,0.0,0.0
fd,9.183211102376529e-10,6.222725e-05
cs,0.0,0.0
otis,0.0,0.0
