method,mse,max_error
hd,0.0,0.0
fd,0.48971366741553335,1.4403187
cs,1.1200232278690104e-18,2.9802322e-08
otis,0.0,0.0
