method,mse,max_error
hd,0.0,0.0
fd,1.8192085493854965e-09,8.761883e-05
cs,0.0,0.0
otis,0.0,0.0
