method,mse,max_error
hd,0.0,0.0
fd,0.27033283530552776,1.0694363
cs,0.0,0.0
otis,0.0,0.0
