method,mse,max_error
hd,0.0,0.0
fd,1.1694715639414854e-13,7.1525574e-07
cs,0.0,0.0
otis,0.0,0.0
