method,mse,max_error
hd,0.0,0.0
fd,0.09464113467597096,0.6324794
cs,1.0064344699151561e-17,5.9604645e-08
otis,1.0064344699151561e-17,5.9604645e-08
