method,mse,max_error
hd,1.912631859381158e-17,1.1920929e-07
fd,0.47629866147081296,1.4203802
cs,0.0,0.0
otis,1.912631859381158e-17,1.1920929e-07
