method,mse,max_error
hd,5.74868596227733e-23,2.3283064e-10
fd,0.5167326309068478,1.4796982
cs,0.0,0.0
otis,5.74868596227733e-23,2.3283064e-10
