method,mse,max_error
hd,0.0,0.0
fd,2.943994611434659e-14,4.7683716e-07
cs,0.0,0.0
otis,0.0,0.0
