method,mse,max_error
hd,0.0,0.0
fd,2.2644103324848792e-10,2.9563904e-05
cs,0.0,0.0
otis,0.0,0.0
