method,mse,max_error
hd,0.0,0.0
fd,0.4666574018818408,1.4059148
cs,0.0,0.0
otis,0.0,0.0
