method,mse,max_error
hd,0.0,0.0
fd,7.819831738664146e-16,1.1920929e-07
cs,0.0,0.0
otis,0.0,0.0
