method,mse,max_error
hd,0.0,0.0
fd,0.14064684047061998,0.77109134
cs,0.0,0.0
otis,9.787090024243804e-18,5.9604645e-08
