method,mse,max_error
hd,0.0,0.0
fd,6.570922257487906e-21,4.656613e-10
cs,0.0,0.0
otis,0.0,0.0
