method,mse,max_error
hd,0.0,0.0
fd,0.33389775559856066,1.1887251
cs,0.0,0.0
otis,0.0,0.0
