method,mse,max_error
hd,9.835862898118773e-19,2.9802322e-08
fd,0.5118972937955459,1.4727174
cs,1.6720966926801915e-17,1.1920929e-07
otis,9.835862898118773e-19,2.9802322e-08
