method,mse,max_error
hd,0.0,0.0
fd,3.259219149669737e-18,3.7252903e-09
cs,0.0,0.0
otis,0.0,0.0
