method,mse,max_error
hd,0.0,0.0
fd,0.04941751508919497,0.45692527
cs,2.6853304581684322e-21,9.313226e-10
otis,0.0,0.0
