method,mse,max_error
hd,0.0,0.0
fd,0.5251268307265382,1.4917066
cs,1.4456617207733472e-17,1.1920929e-07
otis,1.4456617207733472e-17,1.1920929e-07
