method,mse,max_error
hd,0.0,0.0
fd,0.3566378771871291,1.228603
cs,0.0,0.0
otis,0.0,0.0
