method,mse,max_error
hd,0.0,0.0
fd,0.5050174453306222,1.4627298
cs,0.0,0.0
otis,0.0,0.0
