method,mse,max_error
hd,0.0,0.0
fd,0.5262323494647484,1.4932858
cs,0.0,0.0
otis,0.0,0.0
