method,mse,max_error
hd,0.0,0.0
fd,0.4178547655279194,1.3301482
cs,0.0,0.0
otis,0.0,0.0
