method,mse,max_error
hd,0.0,0.0
fd,0.5073970927099009,1.4662074
cs,0.0,0.0
otis,0.0,0.0
