method,mse,max_error
hd,0.0,0.0
fd,4.086697416334592e-12,4.2915344e-06
cs,0.0,0.0
otis,0.0,0.0
