method,mse,max_error
hd,0.0,0.0
fd,0.40894281269378874,1.3158641
cs,0.0,0.0
otis,0.0,0.0
