method,mse,max_error
hd,0.0,0.0
fd,5.893285300684571e-14,5.9604645e-07
cs,0.0,0.0
otis,0.0,0.0
