method,mse,max_error
hd,0.0,0.0
fd,0.4002984553354596,1.301835
cs,0.0,0.0
otis,0.0,0.0
