method,mse,max_error
hd,0.0,0.0
fd,3.4697518074533224e-14,3.7252903e-07
cs,0.0,0.0
otis,0.0,0.0
