method,mse,max_error
hd,0.0,0.0
fd,5.45239809499008e-11,1.5258789e-05
cs,0.0,0.0
otis,0.0,0.0
