method,mse,max_error
hd,0.0,0.0
fd,0.4312208663864394,1.351299
cs,0.0,0.0
otis,0.0,0.0
