method,mse,max_error
hd,0.0,0.0
fd,0.49338695465652543,1.445751
cs,0.0,0.0
otis,2.697990339307792e-19,1.4901161e-08
