method,mse,max_error
hd,2.5462113212313877e-17,1.1920929e-07
fd,0.41664136471550295,1.3281696
cs,2.3964341846883647e-17,1.1920929e-07
otis,2.3964341846883647e-17,1.1920929e-07
