method,mse,max_error
hd,0.0,0.0
fd,4.517658800481953e-13,1.4305115e-06
cs,0.0,0.0
otis,0.0,0.0
