method,mse,max_error
hd,1.3922339293553829e-21,9.313226e-10
fd,0.4292283743983827,1.348152
cs,5.7039824085690034e-18,5.9604645e-08
otis,1.3922339293553829e-21,9.313226e-10
