method,mse,max_error
hd,0.0,0.0
fd,0.38007266865542527,1.268389
cs,0.0,0.0
otis,0.0,0.0
