method,mse,max_error
hd,0.0,0.0
fd,0.4943665505861223,1.4471589
cs,0.0,0.0
otis,0.0,0.0
