method,mse,max_error
hd,0.0,0.0
fd,0.3876099944607932,1.28096
cs,0.0,0.0
otis,0.0,0.0
