method,mse,max_error
hd,4.982768132960029e-18,5.9604645e-08
fd,0.4813444947659467,1.427835
cs,4.982768132960029e-18,5.9604645e-08
otis,4.982768132960029e-18,5.9604645e-08
