method,mse,max_error
hd,0.0,0.0
fd,7.800893150517403e-12,5.6028366e-06
cs,0.0,0.0
otis,0.0,0.0
