method,mse,max_error
hd,0.0,0.0
fd,1.7276202977868592e-15,8.195639e-08
cs,0.0,0.0
otis,0.0,0.0
