method,mse,max_error
hd,3.651298744913156e-18,5.9604645e-08
fd,0.5238396252770278,1.4898685
cs,3.651298744913156e-18,5.9604645e-08
otis,3.651298744913156e-18,5.9604645e-08
