method,mse,max_error
hd,0.0,0.0
fd,0.49563903079798544,1.4490336
cs,0.0,0.0
otis,6.827939880843521e-20,7.450581e-09
