method,mse,max_error
hd,0.0,0.0
fd,1.5139404881252134e-16,5.9604645e-08
cs,0.0,0.0
otis,0.0,0.0
