method,mse,max_error
hd,0.0,0.0
fd,0.3339131097812901,1.18872
cs,0.0,0.0
otis,0.0,0.0
