method,mse,max_error
hd,0.0,0.0
fd,0.3682500059855639,1.2484758
cs,0.0,0.0
otis,0.0,0.0
