method,mse,max_error
hd,0.0,0.0
fd,0.43479575948108673,1.3569098
cs,0.0,0.0
otis,2.2100862698603427e-17,1.1920929e-07
