method,mse,max_error
hd,0.0,0.0
fd,0.4813150635832593,1.4278712
cs,0.0,0.0
otis,4.6562433536048505e-18,5.9604645e-08
