method,mse,max_error
hd,4.811367387324622e-18,5.9604645e-08
fd,0.5144919259354321,1.4764662
cs,4.811367387324622e-18,5.9604645e-08
otis,9.622734774649244e-19,2.9802322e-08
