method,mse,max_error
hd,0.0,0.0
fd,1.6767587966852596e-12,2.7418137e-06
cs,0.0,0.0
otis,0.0,0.0
