method,mse,max_error
hd,4.0202166303054625e-21,1.8626451e-09
fd,0.5021567357372124,1.4585927
cs,4.0202166303054625e-21,1.8626451e-09
otis,4.0202166303054625e-21,1.8626451e-09
