method,mse,max_error
hd,1.1248777519977427e-24,2.910383e-11
fd,0.47631239867476305,1.4204164
cs,0.0,0.0
otis,0.0,0.0
