method,mse,max_error
hd,0.0,0.0
fd,0.5170788514128815,1.4801631
cs,0.0,0.0
otis,0.0,0.0
