method,mse,max_error
hd,1.3082379155179541e-21,9.313226e-10
fd,0.44263520184104005,1.3691279
cs,0.0,0.0
otis,1.3082379155179541e-21,9.313226e-10
