method,mse,max_error
hd,0.0,0.0
fd,0.014930885489997275,0.25110257
cs,0.0,0.0
otis,0.0,0.0
