method,mse,max_error
hd,0.0,0.0
fd,1.0773448358449555e-09,6.735325e-05
cs,0.0,0.0
otis,0.0,0.0
