method,mse,max_error
hd,0.0,0.0
fd,0.4344130820892993,1.3563321
cs,0.0,0.0
otis,0.0,0.0
