method,mse,max_error
hd,0.0,0.0
fd,0.2517014462332086,1.0318859
cs,0.0,0.0
otis,0.0,0.0
