method,mse,max_error
hd,0.0,0.0
fd,1.5612236772253304e-14,2.3841858e-07
cs,0.0,0.0
otis,0.0,0.0
