method,mse,max_error
hd,0.0,0.0
fd,0.31195160555950735,1.1488938
cs,0.0,0.0
otis,0.0,0.0
