method,mse,max_error
hd,0.0,0.0
fd,0.5102888327327926,1.4703908
cs,0.0,0.0
otis,0.0,0.0
