method,mse,max_error
hd,0.0,0.0
fd,6.9472554348600426e-09,0.00017130375
cs,0.0,0.0
otis,0.0,0.0
