method,mse,max_error
hd,0.0,0.0
fd,0.004474449713663118,0.1374278
cs,0.0,0.0
otis,0.0,0.0
