method,mse,max_error
hd,0.0,0.0
fd,0.3800779760554758,1.2684271
cs,0.0,0.0
otis,0.0,0.0
