method,mse,max_error
hd,0.0,0.0
fd,8.362983059710246e-12,6.198883e-06
cs,0.0,0.0
otis,0.0,0.0
