method,mse,max_error
hd,0.0,0.0
fd,0.35661260633344183,1.2285287
cs,0.0,0.0
otis,0.0,0.0
