method,mse,max_error
hd,0.0,0.0
fd,0.04463299622606056,0.4342065
cs,0.0,0.0
otis,0.0,0.0
