method,mse,max_error
hd,0.0,0.0
fd,0.4484330036622832,1.3781034
cs,0.0,0.0
otis,0.0,0.0
