method,mse,max_error
hd,0.0,0.0
fd,1.1531402384417379e-12,2.1457672e-06
cs,0.0,0.0
otis,0.0,0.0
