method,mse,max_error
hd,0.0,0.0
fd,0.48802337824662656,1.4378169
cs,0.0,0.0
otis,0.0,0.0
