method,mse,max_error
hd,0.0,0.0
fd,8.397592574613216e-10,5.9366226e-05
cs,0.0,0.0
otis,0.0,0.0
