method,mse,max_error
hd,0.0,0.0
fd,0.4812885097692792,1.4277345
cs,0.0,0.0
otis,0.0,0.0
