method,mse,max_error
hd,0.0,0.0
fd,0.44923613918147925,1.3793184
cs,0.0,0.0
otis,0.0,0.0
