method,mse,max_error
hd,0.0,0.0
fd,0.24936602643924716,1.0270498
cs,0.0,0.0
otis,0.0,0.0
