method,mse,max_error
hd,0.0,0.0
fd,0.08869767023358056,0.61221695
cs,0.0,0.0
otis,0.0,0.0
