method,mse,max_error
hd,0.0,0.0
fd,6.332325967383458e-15,1.1920929e-07
cs,0.0,0.0
otis,0.0,0.0
